{
  "IcoMoonType": "selection",
  "icons": [
    {
      "icon": {
        "paths": [
          "M165.526 102.4l453.393 409.6-453.393 409.6"
        ],
        "attrs": [
          {
            "fill": "none",
            "stroke": "rgb(212, 20, 67)",
            "strokeLinejoin": "round",
            "strokeLinecap": "round",
            "strokeMiterlimit": "4",
            "strokeWidth": 204.8
          }
        ],
        "width": 819,
        "isMulticolor": false,
        "isMulticolor2": false,
        "grid": 0,
        "tags": [
          "btn-about-arrow"
        ],
        "colorPermutations": {
          "212206712552552551": [
            {
              "s": 0
            }
          ]
        }
      },
      "attrs": [
        {
          "fill": "none",
          "stroke": "rgb(212, 20, 67)",
          "strokeLinejoin": "round",
          "strokeLinecap": "round",
          "strokeMiterlimit": "4",
          "strokeWidth": 204.8
        }
      ],
      "properties": {
        "order": 28,
        "id": 1,
        "name": "btn-about-arrow",
        "prevSize": 32
      },
      "setIdx": 2,
      "setId": 5,
      "iconIdx": 0
    }
  ],
  "height": 1024,
  "preferences": {
    "showGlyphs": true,
    "showQuickUse": true,
    "showQuickUse2": true,
    "showSVGs": true,
    "fontPref": {
      "prefix": "icon-",
      "metadata": {
        "fontFamily": "icomoon"
      },
      "metrics": {
        "emSize": 1024,
        "baseline": 6.25,
        "whitespace": 50
      },
      "embed": false
    },
    "imagePref": {
      "prefix": "icon-",
      "png": true,
      "useClassSelector": true,
      "color": 0,
      "bgColor": 16777215,
      "classSelector": ".icon",
      "name": "icomoon",
      "height": 32,
      "columns": 16,
      "margin": 16
    },
    "historySize": 50,
    "showCodes": true,
    "gridSize": 16
  }
}